榜單,排名,代號,名稱,市場,收盤,漲跌%,聲量,留言,情緒,訊號,本益比,殖利率%,營收YoY%,累計EPS,單季EPS YoY%,毛利率%,外資(張),投信(張),三大法人(張),投信連續天數,融資增減(張),基本面分,籌碼分,警示,總分
社群熱門,1,6505,台塑化,上市,94.3,8.14,16.0,6,0.233,看多,16.37,1.27,50.28664779657053,4.32,,15.3,8411,8088,16560,6,-1783.0,83.3,90.0,,73.4
社群熱門,2,1303,南亞,上市,247.0,3.78,56.0,40,0.296,看多,39.84,0.32,46.746902846686,5.17,,15.8,30203,1825,33822,2,-3730.0,75.0,83.3,,72.6
社群熱門,3,6213,聯茂,上市,620.0,4.2,26.0,22,0.443,看多,96.12,0.48,97.92882458381861,4.39,203.4,17.3,420,181,198,5,428.0,73.8,73.9,本益比偏高,69.1
社群熱門,4,3037,欣興,上市,1165.0,-1.69,69.0,56,0.2,看多,77.56,0.17,56.25723917867715,11.7,42150.0,21.6,-766,484,-179,4,217.0,73.8,68.6,本益比偏高,66.9
社群熱門,5,2030,彰源,上市,33.4,9.87,24.0,15,0.397,看多,17.04,1.5,57.69192058134775,1.66,,17.1,-336,0,-401,0,-278.0,83.3,50.4,,66.8
社群熱門,6,4576,大銀微系統,上市,241.0,7.11,13.0,8,0.027,中性,73.48,0.33,98.0452097433352,1.92,336.4,38.0,788,0,901,0,-13.0,73.8,85.0,本益比偏高,66.3
社群熱門,7,2408,南亞科,上市,506.0,0.6,15.0,3,0.222,看多,19.64,0.27,560.8541425724004,23.38,,75.2,2282,-898,1589,1,34.0,83.3,68.0,,65.7
社群熱門,8,8046,南電,上市,1270.0,2.42,14.0,6,0.25,看多,149.24,0.16,40.59000155490278,5.53,,20.7,1588,-91,1515,1,-295.0,65.0,87.0,本益比偏高,65.5
社群熱門,9,2330,台積電,上市,2475.0,0.0,534.0,490,0.188,中性,28.69,0.89,53.320053714712955,49.33,77.4,67.0,-3736,629,-2990,2,427.0,81.2,26.1,,65.3
社群熱門,10,6691,洋基工程,上市,654.0,-1.95,43.0,34,0.312,看多,19.56,3.36,213.69818881487726,17.46,95.5,18.2,-111,-27,-151,1,9.0,87.5,39.6,,63.3
社群熱門,11,2409,友達,上市,35.05,2.49,296.0,261,0.399,看多,146.04,1.14,-5.8591638763645015,0.03,-30.8,12.5,15537,0,23042,1,-27895.0,36.4,65.3,本益比偏高,62.5
社群熱門,12,2344,華邦電,上市,174.0,1.46,16.0,4,0.26,看多,19.18,0.29,289.42756449599915,7.65,,61.2,7391,-2002,6056,-8,-619.0,83.3,51.0,,62.2
社群熱門,13,2368,金像電,上市,1120.0,1.36,93.0,76,0.166,中性,40.2,0.88,76.38825024031777,16.17,166.7,34.7,-1430,804,-433,5,391.0,73.8,41.9,,61.6
社群熱門,14,8923,時報,上櫃,18.45,-0.27,14.0,0,0.327,看多,23.06,4.88,27.1198980640388,0.38,300.0,40.3,,,,,0.0,82.7,,,61.6
社群熱門,15,3016,嘉晶,上市,172.5,7.81,13.0,9,0.307,看多,143.75,0.29,57.78643473495075,1.0,,20.9,2407,0,2536,0,-708.0,65.0,64.2,本益比偏高,61.5
社群熱門,16,3481,群創,上市,49.75,0.4,87.0,74,0.289,看多,63.78,2.01,0.022929206689571976,0.77,,14.5,5883,12,7156,0,-1476.0,45.0,68.6,本益比偏高,60.4
社群熱門,17,3042,晶技,上市,208.5,2.71,14.0,8,0.345,看多,36.01,2.3,23.47690304200431,2.96,51.9,32.7,-2639,1050,-1273,3,1481.0,75.1,50.3,散戶看多、法人賣超,60.4
社群熱門,18,2753,八方雲集,上市,179.0,-0.56,88.0,78,0.245,看多,12.76,6.7,9.290082630316254,7.01,19.4,36.0,-39,2,-37,-1,-8.0,73.3,35.0,,59.8
社群熱門,19,3443,創意,上市,7925.0,-7.04,27.0,14,0.34,看多,203.15,0.25,111.0204372171911,23.89,98.8,24.1,34,-175,-87,-5,-44.0,73.8,50.0,本益比偏高,59.4
社群熱門,20,2323,中環,上市,10.7,-0.93,23.0,18,0.276,看多,3.53,1.87,20.092584605652835,0.99,154.5,25.9,-2050,0,-2065,1,459.0,85.0,35.0,融資增、法人賣,59.4
法人布局,1,2451,創見,上市,286.0,0.53,,,,法人買,4.98,4.12,275.4659980905217,46.63,2726.5,76.8,667,17,694,2,-38.0,92.5,85.0,,88.4
法人布局,2,2031,新光鋼,上市,45.7,-0.87,,,,法人買,7.07,5.47,18.589170986280127,5.23,60.6,13.5,735,5,742,-1,-5.0,84.5,90.0,,87.5
法人布局,3,6532,瑞耘,上櫃,108.0,9.64,,,,法人買,13.43,2.78,74.22837401700077,2.01,,39.4,753,0,753,0,140.0,90.0,83.3,,86.3
法人布局,4,4739,康普,上市,83.2,4.65,,,,法人買,16.12,1.2,34.3964560862866,3.51,3233.3,16.7,404,0,451,0,-34.0,85.4,85.0,,85.2
法人布局,5,6245,立端,上櫃,88.7,3.5,,,,法人買,20.25,4.28,38.36241379310345,1.81,43.2,30.3,510,0,520,0,19.0,85.2,85.0,,85.1
法人布局,6,3293,鈊象,上櫃,779.0,2.37,,,,法人買,18.0,4.62,24.804093366160956,22.77,33.5,97.8,1166,0,1140,1,0.0,77.7,90.0,,84.5
法人布局,7,3088,艾訊,上櫃,136.0,5.02,,,,法人買,17.04,2.15,78.52614807235602,4.28,,33.1,615,0,626,0,-29.0,83.3,85.0,,84.2
法人布局,8,1617,榮星,上市,21.9,9.77,,,,法人買,16.1,2.74,46.89181921320923,0.21,,8.2,407,0,417,0,130.0,83.3,85.0,,84.2
法人布局,9,3034,聯詠,上市,540.0,-0.55,,,,法人買,18.84,4.26,26.33031651680444,16.59,69.4,40.9,1000,-186,893,-2,-29.0,82.4,85.0,,83.8
法人布局,10,8050,廣積,上櫃,65.7,7.35,,,,法人買,25.08,3.27,94.47744867048132,2.69,,24.9,2333,0,2385,0,240.0,75.0,85.0,,80.5
